name,num_images,num_patients,modalities,body_regions,additional_data,paper_title,paper_link,paper_year,paper_authors,paper_journal,pmid,paper_citation_count
Merlin,6000000.0,15331.0,CT,abdomen,reports,Merlin: a computed tomography vision-language foundation model and dataset.,https://doi.org/10.1038/s41586-026-10181-8,2026,"Blankemeier L,Kumar A,Cohen JP,Liu J,Liu L,Van Veen D,Gardezi SJS,Yu H,Paschali M,Chen Z,Delbrouck JB,Reis E,Holland R,Truyts C,Bluethgen C,Wu Y,Lian L,Jensen MEK,Ostmeier S,Varma M,Valanarasu JMJ,Fang Z,Huo Z,Nabulsi Z,Ardila D,Weng WH,Junior EA,Ahuja N,Fries J,Shah NH,Zaharchuk G,Willis M,Yala A,Johnston A,Boutin RD,Wentland A,Langlotz CP,Hom J,Gatidis S,Chaudhari AS",Nature,41781626,0
RadImageNet,1350000.0,131872.0,"CT,MRI,US","brain,chest,abdomen,pelvis,limbs",segmentation,RadImageNet: An Open Radiologic Deep Learning Research Dataset for Effective Transfer Learning.,https://doi.org/10.1148/ryai.210315,2022,"Mei X,Liu Z,Robson PM,Marinelli B,Huang M,Doshi A,Jacobi A,Cao C,Link KE,Yang T,Wang Y,Greenspan H,Deyer T,Fayad ZA,Yang Y",Radiology. Artificial intelligence,36204533,156
UK Biobank,,100000.0,"MRI,X-ray,US","brain,abdomen,chest",,"The UK Biobank imaging enhancement of 100,000 participants: rationale, data collection, management and future directions.",https://doi.org/10.1038/s41467-020-15948-9,2020,"Littlejohns TJ,Holliday J,Gibson LM,Garratt S,Oesingmann N,Alfaro-Almagro F,Bell JD,Boultwood C,Collins R,Conroy MC,Crabtree N,Doherty N,Frangi AF,Harvey NC,Leeson P,Miller KL,Neubauer S,Petersen SE,Sellors J,Sheard S,Smith SM,Sudlow CLM,Matthews PM,Allen NE",Nature communications,32457287,535
MIMIC-CXR,,65379.0,X-ray,chest,reports,"MIMIC-CXR, a de-identified publicly available database of chest radiographs with free-text reports.",https://doi.org/10.1038/s41597-019-0322-0,2019,"Johnson AEW,Pollard TJ,Berkowitz SJ,Greenbaum NR,Lungren MP,Deng CY,Mark RG,Horng S",Scientific data,31831740,579
The Cancer Imaging Archive (TCIA),3300000.0,,CT,chest,,The Cancer Imaging Archive (TCIA): maintaining and operating a public information repository.,https://doi.org/10.1007/s10278-013-9622-7,2013,"Clark K,Vendt B,Smith K,Freymann J,Kirby J,Koppel P,Moore S,Phillips S,Maffitt D,Pringle M,Tarbox L,Prior F",Journal of digital imaging,23884657,2224
"A preclinical CT and MRI Liver Imaging Dataset with Anatomical, Functional and Segmentation Data",,222.0,"CT,MRI",abdomen,segmentation,"A preclinical CT and MRI Liver Imaging Dataset with Anatomical, Functional and Segmentation Data.",https://doi.org/10.1038/s41597-026-07003-x,2026,"Schraven S,Gonzalez C,Baskaya F,Krott L,Beckers A,Girbig RM,Brück R,Möckel D,Berres ML,Schneider KM,Schippers A,Kiessling F",Scientific data,41872225,0
Ethmoid CBCT Dataset,565.0,565.0,CT,limbs,segmentation,Ethmoid sinus CBCT imaging as a biometric instrument: dataset creation for deep learning identification.,https://doi.org/10.1016/j.ejrad.2026.112796,2026,"Alsalama A,Alsmirat M,Al-Rawi N,Uthman A,Elnagar A",European journal of radiology,41864172,0
DyABD,,,MRI,abdomen,segmentation,DyABD: the abdominal muscle segmentation in dynamic MRI benchmark.,https://doi.org/10.1186/s12880-026-02204-7,2026,"Belton N,Joppin V,Lawlor A,Masson C,Bege T,Bendahan D,Curran KM",BMC medical imaging,41851881,0
Multimodal Biomechanics Dataset,,36.0,US,limbs,"segmentation,captions",A multimodal biomechanics dataset with synchronized kinematics and internal tissue motions during reaching.,https://doi.org/10.1038/s41597-026-07019-3,2026,"Pallarès-López R,Folgado D,Magana-Salgado U,Rosendorf J,Ryu E,Feigin-Almon M,Gamboa H,Daniel L,Anthony BW,Namburi P",Scientific data,41851191,0
Open B-mode Ultrasound Database,541.0,,US,chest,segmentation,An open B-mode ultrasound database for deep learning-based atherosclerotic plaque segmentation.,https://doi.org/10.1038/s41597-026-06952-7,2026,"Rulloni VS,Perez HA,Dori T,Borchi NA,Gil FN,de Vargas Guterres B,Garcia NH",Scientific data,41844674,0
Oral Panoramic X-ray Image Dataset,8655.0,,X-ray,limbs,segmentation,A multi-focus oral panoramic x-ray image dataset based on pixel-level annotations.,https://doi.org/10.1038/s41597-026-07021-9,2026,"Cui J,Gu J,Guan Y,Xiao H,Liu K,Zhang W,Li S,Song C,Zhu Y,Tan Y,Liu X,Tai Y,Jiang W",Scientific data,41844654,0
PETWB-REP,,490.0,"PET,CT","chest,abdomen,pelvis",reports,PETWB-REP: A Multi-Cancer Whole-Body FDG PET/CT Dataset with Corresponding Radiology Reports.,https://doi.org/10.1038/s41597-026-07058-w,2026,"Xue L,Feng G,Zhang W,Zhang Y,Li L,Wang S,Peng L,Peng S,Gao X",Scientific data,41826325,0
BPD-Neo,,40.0,MRI,chest,segmentation,BPD-Neo: An MRI Dataset for Lung-Trachea Segmentation with Clinical Data for Neonatal Bronchopulmonary Dysplasia.,https://doi.org/10.1038/s41597-026-07006-8,2026,"Saluja R,Kovanlikaya A,Chien C,Blatt LK,Perlman JM,Worgall S,Sabuncu MR,Dyke JP",Scientific data,41820419,0
Day2day MRI dataset,,,MRI,brain,,Factors Contributing to Short-Term Structural Variability in a Longitudinal MRI Dataset.,https://doi.org/10.1002/hbm.70500,2026,"Kalc P,Ter Veer M,Dahnke R,Ziegler G,Kühn S,Gaser C",Human brain mapping,41817026,0
SMC-LUD,,1021.0,US,abdomen,,SMC-LUD:Large-Scale B-Mode Liver Ultrasound Dataset for Hepatocellular Carcinoma and Hemangioma Classification.,https://doi.org/10.1038/s41597-026-07023-7,2026,"Tak J,Ko RE,Kwon RD,Abbas Z,Cho YH,Kim J,Seo S,Oh N,Lee SW",Scientific data,41813694,0
Emory Knee Radiograph (MRKR) Dataset,,83011.0,X-ray,limbs,"reports,captions,segmentation",The Emory Knee Radiograph (MRKR) Dataset.,https://doi.org/10.1007/s10278-026-01902-6,2026,"Price BJ,Gichoya J,Chavoshi M,Adleberg J,Thomas K,Zaiman Z,Mansuri A,Brown-Mulry B,Okechukwu C,Dapamede T,Li F,Isaac RS,Goltzer O,Gottschalk M,Trivedi H",Journal of imaging informatics in medicine,41807882,0
A longitudinal <sup>1</sup>H NMR-based urinary metabolomics dataset in a birth cohort for childhood atopic diseases,,198.0,,,,A longitudinal <sup>1</sup>H NMR-based urinary metabolomics dataset in a birth cohort for childhood atopic diseases.,https://doi.org/10.1038/s41597-026-07001-z,2026,"Kuo YH,Chiu CY,Chiang MH,Huang JL,Su KW,Tsai MH,Hua MC,Liao SL,Lai SH,Yeh KW",Scientific data,41807445,0
ISIC 2024,2000.0,,X-ray,,"captions,segmentation,genomics","Multimodal skin disease classification using vision transformers, medical captioning, and metadata fusion: an analysis on the ISIC 2024 dataset.",https://doi.org/10.1088/2057-1976/ae4eeb,2026,"Shrestha A,Palit A",Biomedical physics & engineering express,41802357,0
Lower quadriceps muscle mass assessed by ultrasound predicts intensive care unit mortality: A cohort study with prospective data collection,,400.0,US,limbs,,Lower quadriceps muscle mass assessed by ultrasound predicts intensive care unit mortality: A cohort study with prospective data collection.,https://doi.org/10.1016/j.iccn.2026.104382,2026,"Burgel CF,Carneiro JU,Hartmann AS,Freitas IM,Gonzalez MC,Silva FM",Intensive & critical care nursing,41793909,0
benchmark dataset,60.0,,PET,chest,segmentation,Validation of an AI Method for Automated Lymphoma Metabolic Tumor Volume Segmentation Using a Public Benchmark PET/CT Dataset.,https://doi.org/10.2967/jnumed.125.271605,2026,"Sadik M,Larsson M,Enqvist O,Edenbrandt L,Trägårdh E","Journal of nuclear medicine : official publication, Society of Nuclear Medicine",41786479,0
Real Surgical Database,44.0,,CT,"limbs,brain",segmentation,Artificial Intelligence-enabled Automatic Computed Tomography Segmentation for Craniomaxillofacial Surgery Using a Real Surgical Database.,https://doi.org/10.1097/GOX.0000000000007515,2026,"Wu S,Leung PH,Yeung AWK,Wong MCM,Li KY,Komura T,Yang WF,Su YX",Plastic and reconstructive surgery. Global open,41777875,0
Sustained Attention Task (gradCPT) Dataset,,28.0,"MRI,MRI,MRI",brain,,Sustained Attention Task (gradCPT) Dataset using simultaneous EEG-fMRI and DTI.,https://doi.org/10.1038/s41597-026-06616-6,2026,"Cha Y,Lee Y,Ji E,Han S,Min S,Kim H,Cho M,Lee HS,Park Y,Moon JY",Scientific data,41771931,0
TriNetX,,214411.0,,,,Real-world functional and oncologic outcomes of prostate gland ablation vs. standard of care therapies for localized prostate: A retrospective cohort study using the TriNetX database.,https://doi.org/10.1016/j.urolonc.2026.111037,2026,"Velasquez EL,Titus RS,Mundra V,Riveros C,Miles B,Kaushik D,Abreu AL,Wallis CJD,Satkunasivam R",Urologic oncology,41771218,0
Quality Assurance Database,,,,"abdomen,pelvis",,Abdominal Imaging Interpretive Errors in a Quality Assurance Database: One Institution's Experience Over a 5-Year Period.,https://doi.org/10.1097/RCT.0000000000001856,2026,"Taya M,Aschauer T,Villanueva-Meyer J,Kolli KP,Yeh BM,Behr SC",Journal of computer assisted tomography,41770912,0
Lung Adenocarcinomas CT Database,,,CT,chest,,Robustness and Accuracy of Radiomics Models for Classifying IASLC Grading in Lung Adenocarcinomas: A Comprehensive Analysis of a Large Multicenter CT Database.,https://doi.org/10.1177/15330338261429796,2026,"Fan X,Deng J,Feng Y,Qi W,Lin S,Zeng Y,Zuo Z",Technology in cancer research & treatment,41762205,0
ReXVQA,160000.0,,X-ray,chest,VQA,ReXVQA: A Large-scale Visual Question Answering Benchmark for Generalist Chest X-ray Understanding.,https://doi.org/10.1142/9789819824755_0018,2026,"Pal A,Lee JO,Zhang X,Sankarasubbu M,Roh S,Kim WJ,Lee M,Rajpurkar P",Pacific Symposium on Biocomputing. Pacific Symposium on Biocomputing,41758146,0
Mammo-MX Database,,2390.0,X-ray,chest,,Evaluation of the Diagnostic Accuracy of Comercially Available AI-CAD Solution in Mammography Screening in Mexican Women (Mammo-MX Database).,https://doi.org/10.3390/diagnostics16040517,2026,"Murillo-Ortiz B,Padierna LC,Parra-Sánchez LF,Medinilla-Orozco S,Meza-Chavolla S,Rivera-Rivera S,Espejo-Fonseca AR","Diagnostics (Basel, Switzerland)",41750667,0
FlowVN,,18.0,MRI,chest,,FlowVN Trained on a Single Dataset Enables Rapid Reconstruction of Highly Accelerated 4D Flow MRI Across Multiple Sites.,https://doi.org/10.1002/mrm.70317,2026,"Qazi SA,Bianchessi T,Viola F,Trenti C,Ylipää E,Ebbers T,Dyverfeldt P",Magnetic resonance in medicine,41749047,0
A dataset of midpalatal suture maturation stage in cone-beam computed tomography,,600.0,CT,limbs,,A dataset of midpalatal suture maturation stage in cone-beam computed tomography.,https://doi.org/10.1038/s41597-026-06778-3,2026,"Zuo Z,Jia B,Xiao Y,Hua Y,Zhang Y,Li J,Zhang L,Guo Z,Zhang S,Wang Y",Scientific data,41748575,0
Coronary Artery Ectasia Database - Poland (CARED-POL),,79.0,PET,chest,,Myocardial ischemia detected by SPECT/CT in patients with coronary artery aneurysm or ectasia. Insights from Coronary Artery Ectasia Database - Poland (CARED-POL).,https://doi.org/10.1016/j.advms.2026.02.004,2026,"Podolec M,Stępień K,Iwańczyk S,Kościanek J,Matrejek A,Gutkowska K,Yika ADC,Matusik P,Holcman K,Kostkiewicz M,Nessler J,Zalewski J",Advances in medical sciences,41740722,0
STS-Challenge-2024,90000.0,,"X-ray,CT",limbs,segmentation,MICCAI STS 2024 challenge: Semi-supervised instance-level tooth segmentation in panoramic X-ray and CBCT images.,https://doi.org/10.1016/j.media.2026.103986,2026,"Wang Y,Li Z,Wu C,Liu J,Zhang Y,Ni J,Luo Q,Chen J,Zhang H,Liu J,Han C,Fu K,Ji C,Cai X,Hao J,Zheng Z,Xu S,Chen J,Yu X,Zhang Q,Qian D,Wang S,Zhou H",Medical image analysis,41740303,0
Radiomics dataset from chest CT of clinically healthy adults,,100.0,CT,chest,segmentation,Radiomics dataset from chest CT of clinically healthy adults.,https://doi.org/10.1016/j.dib.2026.112556,2026,"Bedei V,Ostrovskyy M,Dey N,Kotyk T,Sherratt RS",Data in brief,41732365,0
Maternal-Fetal Ultrasouno Video Dataset,68106.0,,US,pelvis,"segmentation,genomics",Maternal-Fetal Ultrasouno Video Dataset for End-to-end Intrapartum Biometry and Multi-task Learning.,https://doi.org/10.1038/s41597-026-06900-5,2026,"Niu M,Bai J,Gao Y,Tang Y,Lu Y,Han Z,Hou H,Huang Y",Scientific data,41730873,0
UCSF RMaC,831.0,,CT,abdomen,segmentation,UCSF RMaC: University of California San Francisco 3D Multi-Phase Renal Mass CT Dataset with Tumor Segmentations.,https://doi.org/10.64898/2026.02.11.26346096,2026,"Sahin S,Diaz E,Rajagopal A,Abtahi M,Jones S,Dai Q,Kramer S,Wang ZJ,Larson PE",medRxiv : the preprint server for health sciences,41728332,0
A dense longitudinal multimodal single-subject rs-fMRI dataset,,1.0,MRI,brain,"reports,captions,segmentation,genomics,VQA",A dense longitudinal multimodal single-subject rs-fMRI dataset acquired by self-administered scanning.,https://doi.org/10.1038/s41597-026-06879-z,2026,Petrovskiy ED,Scientific data,41723198,0
Japan Study Group of Prostate Cancer Database,,2219.0,,,,To Investigate Disparities in Strategies for Low-Risk Prostate Cancer by Facility Type Using the Japan Study Group of Prostate Cancer Database.,https://doi.org/10.1111/iju.70381,2026,"Kobayashi S,Shiota M,Onozawa M,Taguchi S,Yamamoto Y,Sakamoto S,Kawai T,Nakagawa T,Hinotsu S,Eto M,Kume H,Japan Study Group of Prostate Cancer (J‐CaP)",International journal of urology : official journal of the Japanese Urological Association,41708074,0
A comprehensive multimodal MRI and EEG-TMS dataset on the impact of parietal cortex inhibition on decision-making under ambiguity,,52.0,"MRI,CT,US,PET",brain,segmentation,A comprehensive multimodal MRI and EEG-TMS dataset on the impact of parietal cortex inhibition on decision-making under ambiguity.,https://doi.org/10.1016/j.dib.2026.112535,2026,"Figueroa-Vargas A,Valdebenito-Oyarzo G,Martínez-Molina MP,Zamorano F,Billeke P",Data in brief,41704500,0
Severe Bronchopulmonary Dysplasia Cohort,,156.0,CT,chest,reports,Peri and Neonatal Risk Factors and Structural Lung Abnormalities Predict Hypoxic Challenge Test Failure in Infants With Severe Bronchopulmonary Dysplasia.,https://doi.org/10.1002/ppul.71517,2026,"Tsang KD,Caudri D,Zaat C,Tramper-Stranders GA,de Kleer IM,Ciet P,Reiss IKM,Duijts L,Pijnenburg MW",Pediatric pulmonology,41704041,0
The Brain Resilience Study,,1000.0,"MRI,CT,X-ray",brain,"captions,genomics,captions",The Brain Resilience Study protocol: Building a dataset of the biological and sociocultural factors affecting brain health in older adults.,https://doi.org/10.1016/j.neurobiolaging.2026.02.001,2026,"McNaughton EP,Shen K,Wang J,Roenningen A,Wiesman AI,Flores-Alonso SI,Bhatti P,McIntosh AR,Kent BA",Neurobiology of aging,41702249,0
Merative MarketScan Commercial Claims and Encounters Database,,281421.0,X-ray,limbs,,Initial Imaging for Adults With Maxillofacial Trauma in a National Claims Database.,https://doi.org/10.1001/jamanetworkopen.2025.58293,2026,"Wong GC,Song Y,Sampson RD,Wang L,Chung KC",JAMA network open,41701496,0
Chinese Thyroid Imaging Reporting and Data System,,1219.0,US,chest,,Chinese thyroid imaging reporting and data system with redefined marked hypoechogenicity for thyroid malignancy risk stratification demonstrates improved diagnostic accuracy.,https://doi.org/10.7717/peerj.20817,2026,"Bai Y,Yu M,Wu S",PeerJ,41695694,0
EURAD clinical trial,,713.0,MRI,pelvis,,Transforming a clinical study database into a structured database adapted to artificial intelligence applications.,https://doi.org/10.1186/s13244-025-02087-2,2026,"Sauron T,Lazarus C,Kurtz C,Cloppet F,Thomassin Naggara I,EURAD Study Group,Fournier L",Insights into imaging,41692923,0
RadRepro CBCT,120.0,,CT,,segmentation,RadRepro CBCT: An Open-Access CBCT Phantom Dataset for Improved Standardization and Reproducibility of Radiomics Research.,https://doi.org/10.1038/s41597-026-06781-8,2026,"Hatamikia S,Steiner E,Muniya EJ,Elmirad S,Borji A,Kronreif G,Birkfellner W,Buschmann M",Scientific data,41690976,0
MedMNIST,,,X-ray,chest,,Benchmarking MedMNIST dataset on real quantum hardware.,https://doi.org/10.1038/s41598-026-35605-3,2026,"Singh G,Jin H,Merz KM",Scientific reports,41690972,0
Ovarian Tumor Classification dataset,387.0,344.0,CT,abdomen,,Evaluating Performance of a Deep Learning-based Artificial Intelligence Model for Ovarian Tumor Classification Using a Multicenter CT Dataset.,https://doi.org/10.1148/rycan.250027,2026,"Koch AH,Claessens CHB,Nies I,Schultz EWR,Hellström TAE,Boers T,Dekker EML,Muntinga CLP,Hoogstad-van Evert JS,Niers-Stobbe I,Bruining A,Lok CAR,Nederend J,van der Sommen F,Piek JMJ",Radiology. Imaging cancer,41686074,0
MAUDE database,,,,,reports,Postmarketing Safety of Transcranial Magnetic Stimulation: A 10-Year MAUDE Database Analysis of Adverse Events and Technological Advancements.,https://doi.org/10.4088/JCP.25m16155,2026,"Awan AI,Waheed N,Zahra R,Dad A,Singh D",The Journal of clinical psychiatry,41678387,0
A multi-session simultaneous EEG-fMRI dataset with repeated experience sampling,,24.0,"MRI,MRI",brain,"reports,captions,genomics",A multi-session simultaneous EEG-fMRI dataset with repeated experience sampling.,https://doi.org/10.64898/2026.02.04.703882,2026,"Shareef-Trudeau L,Braun D,Bounyarith T,Li JZ,Peng H,Kucyi A",bioRxiv : the preprint server for biology,41676676,0
Tjotta accelerometer monitored lambing dataset,,61.0,,,reports,Tjotta accelerometer monitored lambing dataset.,https://doi.org/10.1038/s41597-026-06660-2,2026,"Goncalves P,Nyamuryekung'e S,Corrente G,Jørgensen GHM",Scientific data,41673047,0
New England Journal of Medicine Image Challenge,,,,,,Multimodal large language models challenge NEJM image challenge.,https://doi.org/10.1038/s41598-026-39201-3,2026,"Sheng C,Shen S,Wang L,Chen J,Chen W,Wang S,Wang N",Scientific reports,41667642,0
The Extremely Brilliant Brain,,,CT,brain,segmentation,The Extremely Brilliant Brain: An Isotropic Microscale Human Brain Dataset.,https://doi.org/10.64898/2026.01.27.702076,2026,"Chourrout M,Keenlyside A,Wanjau E,Balbastre Y,Yagis E,Brunet J,Stansby D,Engel K,Gui X,Thönnißen J,Dickscheid T,Lamalle L,Bellier A,Vivekananda U,Tafforeau P,Lee PD,Walsh CL",bioRxiv : the preprint server for biology,41659498,0
BraTioUS,1669.0,142.0,US,brain,segmentation,BraTioUS: A multicenter dataset of baseline intraoperative brain tumor ultrasound images.,https://doi.org/10.1016/j.dib.2026.112478,2026,"Esteban-Sinovas O,Sarabia R,Arrese I,Singh V,Shett P,Moiyadi A,Zemmoura I,Bene MD,Barbotti A,DiMeco F,West TR,Nahed BV,Giammalva GR,Cepeda S",Data in brief,41657404,0
BRISC,6000.0,,MRI,brain,segmentation,BRISC: Annotated Dataset for Brain Tumor Segmentation and Classification.,https://doi.org/10.1038/s41597-026-06753-y,2026,"Fateh A,Rezvani Y,Moayedi S,Rezvani S,Fateh F,Fateh M,Abolghasemi V",Scientific data,41644571,0
EEG dataset,,39.0,"MRI,CT",brain,segmentation,An EEG dataset with carbon wire loops in cognitive tasks and resting state inside and outside MR scanners.,https://doi.org/10.1038/s41597-026-06734-1,2026,"Tsutsumi M,Kishi T,Ogawa T,Kuroda T,Kobler RJ,Kawanabe M",Scientific data,41639123,0
K-MIMIC,,241805.0,X-ray,chest,,K-MIMIC: a nationwide Korean multi-institutional Multimodal intensive care dataset.,https://doi.org/10.4097/kja.25752,2026,"Kim YG,Shin J,Won SM,Lee SM,Ryu HG,Lee G,Kim W,Kim DJ,Ko T,Kim TM,Song IW,Jung S,Lee JW,Hong JH,Kim JY,Moon DH,Lee WY,Cho WH,Shin YM,Jo S,Lee BJ,Yoon M,Ryu B,Jeong JH,Park SY,Choi SS,Kim T,Lee HC,Chie EK",Korean journal of anesthesiology,41630544,0
NeuroEmo Dataset,,40.0,MRI,brain,,Modeling Spatial-Temporal Dependencies in Emotion-Related fMRI: A Nonparametric Bayesian Application to the NeuroEmo Dataset.,,2025,"Taherian R,Tabatabaei SM,Amanpour F,Majd HA",Neuro endocrinology letters,41619295,0
ABIDE I,,,MRI,brain,,Unraveling the Autism Spectrum Heterogeneity: Insights From ABIDE I Database Using Data/Model-Driven Permutation Testing Approaches.,https://doi.org/10.1002/brb3.71121,2026,"Alcaide FJ,Illan IA,Ramírez J,Gorriz JM",Brain and behavior,41619200,0
Complex multi-echo fMRI dataset: New strategies in processing of multi-echo data,,83.0,MRI,brain,,Complex multi-echo fMRI dataset: New strategies in processing of multi-echo data.,https://doi.org/10.1038/s41597-026-06694-6,2026,"Mikl M,Ingrová K,Gajdoš M,Schejbalová M,Kovářová A,Mareček R,Slavíček T",Scientific data,41617732,0
proximal femur fracture anteroposterior radiographs dataset,300.0,,X-ray,pelvis,,Pilot validation study for a large image database of proximal femur fracture anteroposterior radiographs: Searching for the ground truth.,https://doi.org/10.1016/j.injury.2026.113056,2026,"Audisio A,Zhu T,Joeris A,Sermon A,IJpma FFA,Giordano V,Desai D,Giannoudis PV,Aprato A",Injury,41616725,0
Clinical WMH Dataset,195.0,71.0,MRI,brain,segmentation,Benchmark White Matter Hyperintensity Segmentation Methods Fail on Heterogeneous Clinical MRI: A New Dataset and Deep Learning-Based Solutions.,https://doi.org/10.1007/s10278-025-01808-9,2026,"Wu J,Brown JD,Hu R,Edwards PJ,Levey AI,Lah JJ,Qiu D",Journal of imaging informatics in medicine,41612110,0
PMCanalSeg,191.0,191.0,CT,limbs,segmentation,PMCanalSeg: A dataset for automatic segmentation of the pterygopalatine and mandibular canals from 3D CBCT images.,https://doi.org/10.1038/s41597-026-06620-w,2026,"Li G,Lu Y,Wu G,Wang L,Ma R",Scientific data,41605959,0
IUGC,32000.0,24.0,US,pelvis,segmentation,IUGC: A benchmark of landmark detection in end-to-end intrapartum ultrasound biometry.,https://doi.org/10.1016/j.media.2026.103960,2026,"Bai J,Tang Y,Liu X,Hu J,Li Y,Chen X,Wang Y,Ma C,Li Y,Guo B,Jiao J,Huang Y,Wang K,Li L,Ma Y,Han X,Shao H,Yang Z,Liu Q,Hu Y,Kuang J,Song S,Krishna A,Khan ZA,Li Z,Zhang Z,Zhang H,Cheng Y,Zhang X,Chen X,Yan H,Tong L,Du B,Deng B,Chen Y,Peng Z,Rezaei S,Gan J,Cai W,Wang F,Curran KM,Silvestre G,Khobo I,Lu Y,Ni D,Huang Y,Yaqub M,Ma J,Lekadir K,Li S",Medical image analysis,41604894,1
MAMA-MIA,,,MRI,chest,segmentation,Domain Shift in Breast DCE-MRI Tumor Segmentation: A Balanced LoCoCV Study on the MAMA-MIA Dataset.,https://doi.org/10.3390/diagnostics16020362,2026,"Alanazi M,Alsharif B","Diagnostics (Basel, Switzerland)",41594338,0
BraTS-MEN-RT,570.0,500.0,MRI,brain,segmentation,The 2024 Brain Tumor Segmentation Challenge Meningioma Radiotherapy (BraTS-MEN-RT) dataset.,https://doi.org/10.1038/s41597-026-06649-x,2026,"LaBella D,Schumacher K,Mix M,Leu K,McBurney-Lin S,Nedelec P,Villanueva-Meyer J,Raleigh DR,Shapey J,Vercauteren T,Chia K,Ivory M,Barfoot T,Al-Salihi O,Leu J,Halasz LM,Velichko Y,Wang C,Kirkpatrick JP,Floyd SR,Reitman ZJ,Mullikin TC,Vaios EJ,Bagci U,Sachdev S,Hattangadi-Gluth JA,Seibert TM,Farid N,Puett C,Pease MW,Shiue K,Anwar SM,Faghani S,Taylor P,Warman P,Albrecht J,Jakab A,Moassefi M,Chung V,Chai R,Aristizabal A,Karargyris A,Kassem H,Pati S,Sheller M,Maleki N,Saluja R,Kofler F,Schwarz CG,Lohmann P,Vollmuth P,Gagnon L,Adewole M,Hongwei B L,Kazerooni AF,Tahon NH,Anazodo U,Moawad AW,Menze B,Linguraru MG,Aboian M,Wiestler B,Baid U,Conte GM,Rauschecker AM,Nada A,Abayazeed AH,Huang R,de Verdier MC,Rudie JD,Bakas S,Calabrese E",Scientific data,41593091,0
TRUMATCH Personalized Solutions Shoulder System,,11509.0,CT,limbs,,Continental and demographic analysis of preoperative measurements in shoulder arthroplasty from a large-scale dataset using Materialise software for surgical planning.,https://doi.org/10.1016/j.jseint.2025.06.011,2025,"Vancleef S,Avila E,Jonkergouw F,Van den Broeck J,Corban J,Bowler AR,Diestel DR,McDonald-Stahl M,Jawa A",JSES international,41584528,0
IPATH,45609.0,,X-ray,chest,captions,IPATH: A Large-Scale Pathology Image-Text Dataset from Instagram for Vision-Language Model Training.,https://doi.org/10.1007/s10278-025-01820-z,2026,"Mirhosseini S,Rai T,Diaz-Santana P,La Ragione R,Bacon N,Wells K",Journal of imaging informatics in medicine,41578062,0
Evaluation of large language models for diagnostic impression generation from brain MRI report findings: a multicenter benchmark and reader study,,997.0,MRI,brain,reports,Evaluation of large language models for diagnostic impression generation from brain MRI report findings: a multicenter benchmark and reader study.,https://doi.org/10.1038/s41746-026-02380-4,2026,"Wang ML,Zhang RP,Wu WJ,Lu Y,Wei XE,Sun Z,Guan BH,Zhang JJ,Wu X,Zhang L,Wang TL,Li YH",NPJ digital medicine,41571872,0
EUSTAR database,,1409.0,,,,Impact of evolving treatment patterns on interstitial lung disease progression in systemic sclerosis using the EUSTAR database.,https://doi.org/10.1002/art.70043,2026,"Campochiaro C,Truchetet ME,Vonk M,De Luca G,Cuomo G,Ananieva LP,Hachulla E,Smith V,Gheorghiu AM,Becvar R,Carreira P,Hunzelmann N,Furst DE,Ortiz-Santamaria V,Del Galdo F,Matucci-Cerinic M,Hoffmann-Vold AM,EUSTAR collaborators","Arthritis & rheumatology (Hoboken, N.J.)",41568546,0
FeTA,,,MRI,brain,,Advances in automated fetal brain MRI segmentation and biometry: Insights from the FeTA 2024 challenge.,https://doi.org/10.1016/j.media.2026.103941,2026,"Zalevskyi V,Sanchez T,Kaandorp M,Roulet M,Fajardo-Rojas D,Li L,Hutter J,Li HB,Barkovich MJ,Ji H,Wilhelmi L,Dändliker A,Steger C,Koob M,Gomez Y,Jakovčić A,Klaić M,Adžić A,Marković P,Grabarić G,Rados M,Aviles Verdera J,Kasprian G,Dovjak G,Gaubert-Rachmühl R,Aschwanden M,Zeng Q,Karimi D,Peruzzo D,Ciceri T,Longari G,Hamadache RE,Bouzid A,Lladó X,Chiarella S,Martí-Juan G,González Ballester MÁ,Castellaro M,Pinamonti M,Visani V,Cremese R,Sam K,Gaudfernau F,Ahir P,Parikh M,Zenk M,Baumgartner M,Maier-Hein K,Tianhong L,Hong Y,Longfei Z,Preloznik D,Špiclin Ž,Won Choi J,Li M,Fu J,Wang G,Jiang J,Tong L,Du B,Gondova A,You S,Im K,Qayyum A,Mazher M,Niederer SA,Jakab A,Licandro R,Payette K,Bach Cuadra M",Medical image analysis,41564637,1
3D imaging dataset of the human skeletal collection from Lucus Feroniae,45.0,19.0,CT,limbs,,"3D imaging dataset of the human skeletal collection from Lucus Feroniae (Rome, Italy, 1st-3rd century CE).",https://doi.org/10.1016/j.dib.2025.112325,2026,"Coletti B,Formichella G,Zeppilli C,Profico A,Manzi G,Micarelli I",Data in brief,41561928,1
Artificial Breast Cancer MRI Dataset,,,MRI,chest,,Dataset of artificial breast cancer MRIs produced from unpaired mammograms.,https://doi.org/10.1016/j.dib.2025.112406,2026,"Muthukumar A,Zapata I,Brooks A",Data in brief,41561909,0
A CT Dataset with RECIST Measurements and Comprehensive Segmentation Masks for Tumors and Lymph Nodes,,22.0,CT,chest,segmentation,A CT Dataset with RECIST Measurements and Comprehensive Segmentation Masks for Tumors and Lymph Nodes.,https://doi.org/10.1038/s41597-026-06597-6,2026,"Rojas-Pizarro R,Vásquez-Venegas C,Pereira G,Eyssautier MF,Bravo-Bahamóndez F,Sanhueza N,Gallardo-Badilla P,Caro-Flores F,Ormeño-Candia C,Santander F,Pérez N,Molina MM,Rojas G,Härtel S,Cabrera-Vives G",Scientific data,41559108,0
BreastDCEDL,,2070.0,MRI,chest,segmentation,"BreastDCEDL: A standardized deep learning-ready breast DCE-MRI dataset of 2,070 patients.",https://doi.org/10.1038/s41597-026-06589-6,2026,"Fridman N,Solway B,Fridman T,Barnea I,Goldstein A",Scientific data,41540040,0
Clinically validated dataset of 435 human colons segmented from CT colonography,,,CT,abdomen,segmentation,Clinically validated dataset of 435 human colons segmented from CT colonography.,https://doi.org/10.1038/s41597-025-06518-z,2026,"Finocchiaro M,Stern R,Vilhelmsborg R,Smith AG,Petersen J,Cold K,Konge L,Erleben K,Ganz M",Scientific data,41535682,0
ETT-tubes,,,X-ray,chest,,A Novel Hybrid Model Based on GAN and Stacking for Improving Minority Class Detection in an Imbalanced Dataset of Endotracheal Tubes Position Errors.,https://doi.org/10.1007/s10278-025-01840-9,2026,"Elaanba A,Ridouani M",Journal of imaging informatics in medicine,41535602,0
AKUDENTAL,333.0,,X-ray,limbs,segmentation,AKUDENTAL teeth instance segmentation dataset: a cross-dataset analysis.,https://doi.org/10.1186/s12903-025-07645-0,2026,"Oz M,Sengul A,Hatipoglu M,Danisman T",BMC oral health,41527067,0
Austrian MS Database,,8000.0,MRI,brain,"reports,genomics",The Austrian MS database and the Austrian MS cohort : A national effort towards data harmonization and prospective data collection.,https://doi.org/10.1007/s00508-025-02689-2,2026,"Bsteh G,Föttinger F,Ponleitner M,Berek K,Di Pauli F,Heschl B,Wurth S,Deisenhammer F,Enzinger C,Berger T,Khalil M,Hegen H,Austrian Multiple Sclerosis Database, Austrian MS cohort study group",Wiener klinische Wochenschrift,41524808,0
HIRA-National Patient Sample Database,,29112.0,,,,"Medical Service Utilization for Carpal Tunnel Syndrome in Korea (2010-2017): A Retrospective, Cross-Sectional Study Using a Nationally Representative Sample from the HIRA-National Patient Sample Database.",https://doi.org/10.3390/healthcare14010109,2026,"Kim JW,Kim SJ,Lee YS,Lee YJ,Ha IH,Kim JY,Kim D","Healthcare (Basel, Switzerland)",41517040,0
TriNetX United States Collaborative Network,,108597869.0,,,,"Sarcoid Uveitis Epidemiology, Systemic Treatment, and Complications: A Large United States National Database Study.",https://doi.org/10.1080/09273948.2025.2563707,2026,"Shakarchi FF,Muayad J,Shakarchi AF,Chauhan MZ,Sallam AB",Ocular immunology and inflammation,41512253,0
Multi-centered linked administrative database,,25510.0,,,,The investigation and prevalence of pulmonary embolism among emergency department patients with acute exacerbations of chronic obstructive pulmonary disease (AECOPD): A multi-centered linked administrative database study.,https://doi.org/10.1371/journal.pone.0340308,2026,"Rowe BH,Yang EH,Villa-Roel C,Zheng B,Mayers I",PloS one,41505482,0
Lower Havel River Inner Delta,,,MRI,"chest,abdomen,pelvis,limbs","reports,segmentation",Near-surface geophysical and sedimentological analyses for the lower havel inner delta - a dataset of the floodplain lithostratigraphy.,https://doi.org/10.1016/j.dib.2025.112372,2026,"Köhler A,Pohle M,Bauckholt M,Birnstengel S,Kaniecki M,Schneider B,Werban U,Zielhofer C",Data in brief,41503620,0
PlaTiF,421.0,186.0,X-ray,limbs,segmentation,PlaTiF: A pioneering dataset for orthopedic insights in AI-powered diagnosis of tibial plateau fractures.,https://doi.org/10.1038/s41597-026-06560-5,2026,"Kazemi A,Same K,Zamanirad A,Esfandiary S,Najafzadeh E,Ahmadian A,Farnia P,Nabian MH",Scientific data,41501058,0
Schulthess Clinic Zürich Shoulder Instability Registry,,668.0,"X-ray,CT,MRI",limbs,"reports,captions,segmentation",Schulthess Clinic Zürich Shoulder Instability Registry: a local registry for multimodal data collection and enhanced care.,https://doi.org/10.1136/bmjopen-2025-105453,2026,"Schneller T,Delliehausen N,Brune D,Böhm E,Moroder P,Lazaridou A,Scheibel M",BMJ open,41500637,0
MRI O-RADS,,145.0,MRI,abdomen,histology,MRI O-RADS: redefining diagnostic accuracy in characterization of ovarian lesions with histopathology as the benchmark.,https://doi.org/10.1097/MS9.0000000000004217,2026,"Sangi ZN,Naz N,Asad S,Qureshi A,Fareed M,Hyder SMS,Yasir AE",Annals of medicine and surgery (2012),41497046,0
UCSD-PTGBM,,178.0,MRI,brain,segmentation,The University of California San Diego Post-Treatment Glioblastoma (UCSD-PTGBM) annotated multimodal MRI Dataset.,https://doi.org/10.1038/s41597-025-06499-z,2026,"Gagnon L,Gupta D,Nguyen U,Correia de Verdier M,Saluja R,Mastorakos G,White N,Goodwill V,McDonald CR,Beaumont T,Conlin C,Seibert TM,Hattangadi-Gluth J,Kesari S,Schulte JD,Piccioni D,Schmainda KM,Farid N,Dale AM,Rudie JD",Scientific data,41495087,0
PFUS1,,111.0,US,pelvis,segmentation,PFUS1: Premier pelvic floor ultrasound segmentation dataset. A resource for advancing research.,https://doi.org/10.1016/j.dib.2025.112346,2026,"Solís-Martín D,Sainz JA,Galán-Páez J,Borrego-Díaz J,García-Mejido JA",Data in brief,41492545,0
The ASPIRE Research Institute Dataset,,1000.0,,,,The ASPIRE Research Institute Dataset: Building a Foundation for Brain Health Research in the United Arab Emirates.,https://doi.org/10.1038/s41597-025-06498-0,2026,"Mohamed AZ,Qadi A,Dogar A,Salah A,Hamkari A,Alkalali D,Begum G,Paterson HJ,Morjane I,Hassanin O,Wen P,Benour R,Mohanty S,Valles Y,Ljubisavljevic M,Idaghdour Y,Abdullah O,Sreenivasan KK,Rokers B",Scientific data,41490994,1
PENGWIN 2024 Challenge,150.0,,CT,pelvis,segmentation,Benchmark of Segmentation Techniques for Pelvic Fracture in CT and X-Ray: Summary of the PENGWIN 2024 Challenge.,https://doi.org/10.1109/TMI.2025.3650126,2026,"Sang Y,Liu Y,Yibulayimu S,Wang Y,Killeen BD,Liu M,Ku PC,Johannsen O,Gotkowski K,Zenk M,Maier-Hein K,Isensee F,Yue P,Wang Y,Yu H,Pan Z,He Y,Liang X,Liu D,Fan F,Jurgas A,Skalski A,Ma Y,Yang J,Plotka S,Litka R,Zhu G,Song Y,Unberath M,Armand M,Ruan D,Kevin Zhou S,Cao Q,Zhao C,Wu X,Wang Y",IEEE transactions on medical imaging,41477796,0
"Multi-site, in vivo MRI dataset of brain diffusivity measures before and after harmonization, and atrophy measures following controlled cortical impact in male and female adult rats.",343.0,186.0,MRI,brain,,"Multi-site, <i>in vivo</i> MRI dataset of brain diffusivity measures before and after harmonization, and atrophy measures following controlled cortical impact in male and female adult rats.",https://doi.org/10.3389/fneur.2025.1719618,2025,"Kislik G,Fox R,Korotcov A,Zhou J,Febo M,Moghadas B,Bibic A,Zou Y,Wan J,Koehler RC,Adebayo T,Burns MP,McCabe JT,Wang KKW,Huie JR,Ferguson AR,Paydar A,Wanner IB,Harris NG,TOP-NT Investigators",Frontiers in neurology,41473220,0
autoPET,1214.0,17.0,PET,"abdomen,chest,pelvis",segmentation,"AutoPET Challenge on Fully Automated Lesion Segmentation in Oncologic PET/CT Imaging, Part 2: Domain Generalization.",https://doi.org/10.2967/jnumed.125.270260,2026,"Dexl J,Gatidis S,Früh M,Jeblick K,Mittermeier A,Stüber AT,Schachtner B,Topalis J,Fabritius MP,Gu S,Murugesan GK,VanOss J,Ye J,He J,Alloula A,Papież BW,Mesbah Z,Modzelewski R,Hadlich M,Marinov Z,Stiefelhagen R,Isensee F,Maier-Hein KH,Galdran A,Nikolaou K,la Fougère C,Kim M,Kallenberg N,Kleesiek J,Herrmann K,Werner R,Ingrisch M,Cyran CC,Küstner T","Journal of nuclear medicine : official publication, Society of Nuclear Medicine",41469162,0
A multi-modal neuroimaging dataset on long-term cognitive training in school children,,99.0,MRI,brain,"reports,genomics",A multi-modal neuroimaging dataset on long-term cognitive training in school children.,https://doi.org/10.1038/s41597-025-06500-9,2025,"Mu J,Xu T,Xie Y,Chen F",Scientific data,41455747,1
INI-32,32.0,16.0,CT,limbs,segmentation,The INI-32 dataset: An annotated computed tomography atlas of the orbit.,https://doi.org/10.1016/j.dib.2025.112338,2026,"Patel V,Kotay M,Li J,Li S,Park K,Wen J,Lee J,Rajamohan A,Lerner A,Gokoffski K,Zhang-Nunes S,Chang JR",Data in brief,41438645,0
A fMRI neuroimaging dataset of word reading with semantic and phonological localizers in children and adolescents,,83.0,MRI,brain,"reports,captions,genomics",A fMRI neuroimaging dataset of word reading with semantic and phonological localizers in children and adolescents.,https://doi.org/10.1016/j.dib.2025.112248,2025,"Wang J,Vess A,Mathur A,Wagley N,Quinto-Pozos D,Booth JR",Data in brief,41438391,1
Multicentre Pixel-Level Tear Meniscus Segmentation Dataset,3432.0,,X-ray,limbs,segmentation,Multicentre Pixel-Level Tear Meniscus Segmentation Dataset with Multimodal Imaging for Dry Eye Diagnosis.,https://doi.org/10.1038/s41597-025-06460-0,2025,"Chen X,Wang K,Xu K,Xiao C,Wang Y,Huang S,Yang W,Dai Q",Scientific data,41436482,1
Brain Metastasis Detection Dataset,,605.0,MRI,brain,segmentation,Optimizing and evaluating robustness of AI for brain metastasis detection and segmentation via loss functions and multi-dataset training.,https://doi.org/10.1088/2057-1976/ae308a,2026,"Han Y,Pathak P,Awad O,Mohamed ASR,Ugarte V,Zhou B,Hamstra DA,Echeverria AE,Mekdash HA,Siddiqui ZA,Sun B",Biomedical physics & engineering express,41435436,0
PERT™ Consortium registry,,11436.0,,,,Trends in catheter-directed therapy and in-hospital outcomes among patients with acute pulmonary embolism: insights from a multicentre national quality assurance database registry.,https://doi.org/10.1093/ehjacc/zuaf169,2026,"Farmakis IT,Horbal S,Moriarty JM,Elder M,Todoran T,Rosovsky RP,Lehr E,Langston MD,Sokol SI,Rosenfield K,Lookstein R,Secemsky E,Christodoulou KC,Hobohm L,Valerio L,Barco S,Konstantinides SV",European heart journal. Acute cardiovascular care,41432497,0
CMRxMotion,320.0,40.0,MRI,chest,segmentation,Extreme cardiac MRI analysis under respiratory motion: Results of the CMRxMotion challenge.,https://doi.org/10.1016/j.media.2025.103883,2026,"Wang K,Qin C,Shi Z,Wang H,Zhang X,Chen C,Ouyang C,Dai C,Mo Y,Dai C,Kuang X,Li R,Chen X,Yue X,Tian S,Mora-Rubio A,Punithakumar K,Gong S,Dou Q,Amirrajab S,Al Khalil Y,Scannell CM,Fan L,Yang H,Sun X,van der Geest RJ,Arega TW,Meriaudeau F,Özer C,Ranem A,Kalkhof J,Öksüz İ,Mukhopadhyay A,Qayyum A,Mazher M,Niederer SA,Garcia-Carles C,Arazo E,Grzeszczyk MK,Płotka S,Ma W,Li X,Ge R,Kou Y,Chen X,Wang H,Wang C,Bai W,Wang S",Medical image analysis,41421267,2
Cone-beam photon-counting CT dataset,172800.0,,CT,chest,"reports,segmentation,reports,reports,reports",A cone-beam photon-counting CT dataset for spectral image reconstruction and deep learning.,https://doi.org/10.1038/s41597-025-06246-4,2025,"Zhou E,Li W,Xu W,Wan K,Lu Y,Chen S,Zheng G,Xie T,Liu Q",Scientific data,41413072,0
Rijnmond Primary Care Database,,823.0,,,,Incidence and management of first metatarsophalangeal joint osteoarthritis in Dutch general practice estimates from the Rijnmond Primary Care Database.,https://doi.org/10.1016/j.semarthrit.2025.152894,2026,"Kloprogge SES,van den Driest JJJ,Struik LL,Bierma-Zeinstra SMAS,van Middelkoop MM",Seminars in arthritis and rheumatism,41412095,0
AXES collection,,,,,,From database to prediction: Machine learning for 5-f elements coordination using actinide x-ray experimental spectra (AXES) collection.,https://doi.org/10.1063/5.0302609,2025,"Gerber E,Zasimov P,Mitrofanov A,Kalmykov S",The Journal of chemical physics,41410453,0
NHANES database,,8939.0,,,,The association between weight-adjusted waist index (WWI) and nonalcoholic fatty liver disease (NAFLD) in non-diabetic individuals: A study based on the NHANES database(2017-2023).,https://doi.org/10.1097/MD.0000000000046588,2025,"Zhu S,Tang Z,Yu J,Ji Y,Ren Y,Wu R,Yao L",Medicine,41398834,0
multicenter real-world dataset,22094.0,,X-ray,limbs,,A deep learning-driven cataract screening model derived from multicenter real-world dataset.,https://doi.org/10.3389/fmed.2025.1691419,2025,"Cui Z,Cheng Y,Pan S,Zhu Y,Dai W",Frontiers in medicine,41393146,0
BRAR-anchored multimodal dataset of panoramic radiographs for periodontal bone resorption grading,,1104.0,X-ray,limbs,"reports,segmentation",BRAR-anchored multimodal dataset of panoramic radiographs for periodontal bone resorption grading.,https://doi.org/10.1038/s41597-025-06400-y,2025,"Xia Y,Li Z,Lin Z,Wang S,Wang Y,Xie Y",Scientific data,41392034,0
A large-scale dataset of pre- and postsurgical MRI data from patients with chronic trigeminal neuralgia,,160.0,MRI,brain,"reports,captions,segmentation,genomics",A large-scale dataset of pre- and postsurgical MRI data from patients with chronic trigeminal neuralgia.,https://doi.org/10.1038/s41597-025-06311-y,2025,"Filimonova E,Pashkov A,Tiutiunnik A,Moysak G,Martirosyan A,Kurilov V,Brak I,Rzaev J",Scientific data,41387477,2
"real-world, multicentre dataset",,104.0,MRI,chest,segmentation,"Optimization of cervical cord atrophy measurement using a real-world, multicentre dataset in multiple sclerosis.",https://doi.org/10.3389/fneur.2025.1657484,2025,"Lukas C,Bellenberg B,Prados F,Valsasina P,Parmar K,Brouwer I,Pareto D,Rovira A,Sastre-Garriga J,Gandini Wheeler-Kingshott CAM,Amann M,Rocca MA,Filippi M,Yiannakas MC,Strijbis EMM,Barkhof F,Vrenken H",Frontiers in neurology,41383241,0
BONBID-HIE,,,MRI,brain,segmentation,BONBID-HIE 2023: Lesion Segmentation Challenge in BOston Neonatal Brain Injury Data for Hypoxic Ischemic Encephalopathy.,https://doi.org/10.1109/TMI.2025.3638977,2025,"Bao R,Foster AN,Song Y,Vyas R,Kesri A,Toubal IE,Kazemi ES,Rahmon G,Kucukpinar T,Almansour M,Ho ML,Palaniappan K,Ninalga D,Koirala CP,Mohapatra S,Schlaug G,Wodzinski M,Muller H,Ellis DG,Aizenberg MR,Arda Aydin M,Abdinli E,Unal G,Tahmasebi N,Punithakumar K,Song T,Peng Y,Bates SV,Hirschtick R,Ellen Grant P,Ou Y",IEEE transactions on medical imaging,41379890,0
EgoSurgery-HTS,,,,,segmentation,EgoSurgery-HTS: A Dataset for Egocentric Hand-Tool Segmentation in Open Surgery Videos.,https://doi.org/10.1049/htl2.70049,2025,"Darjana N,Fujii R,Saito H,Kajita H",Healthcare technology letters,41377484,0
AlzaSet,,79.0,MRI,brain,,ConvNeXt-Driven Detection of Alzheimer's Disease: A Benchmark Study on Expert-Annotated AlzaSet MRI Dataset Across Anatomical Planes.,https://doi.org/10.3390/diagnostics15232997,2025,"Basereh M,Abikenari MA,Sadeghzadeh S,Dunn T,Freichel R,Siddarth P,Ghahremani D,Lavretsky H,Buch VP","Diagnostics (Basel, Switzerland)",41374378,2
Clinically Acquired MRI Dataset,,1205.0,MRI,brain,segmentation,Reference Trajectories of Extra-Axial Cerebrospinal Fluid during Childhood and Adolescence Defined in a Clinically Acquired MRI Dataset.,https://doi.org/10.1148/ryai.250123,2026,"Mandal AS,Dorfschmidt L,Schabdach JM,Gardner M,Yerys BE,Bethlehem RAI,Sotardi S,Henry MK,Wood JN,Chaiyachati BH,Alexander-Bloch A,Seidlitz J",Radiology. Artificial intelligence,41369522,4
MEG-SCANS,,24.0,MRI,brain,"captions,segmentation","MEG-SCANS - A comprehensive magnetoencephalography speech dataset with Stories, Chirps and Noisy Sentences.",https://doi.org/10.1038/s41597-025-06397-4,2025,"Habersetzer T,Steuer S,Radeloff A,Meyer BT",Scientific data,41366218,1
FMRI and kinematic dataset for investigating neuroplasticity with function-specific rTMS,,46.0,MRI,brain,"captions,segmentation",FMRI and kinematic dataset for investigating neuroplasticity with function-specific rTMS.,https://doi.org/10.1038/s41597-025-06398-3,2025,"Li H,Luo C,Jin SH,Liu JH,Ye ZJ,Liu M,Jiang LL,Ding HL,Li J,Wang J",Scientific data,41365922,0
A sulfatide-centered ultra-high-resolution magnetic resonance MALDI imaging benchmark dataset,,,MRI,brain,,A sulfatide-centered ultra-high-resolution magnetic resonance MALDI imaging benchmark dataset for MS1-based lipid annotation tools.,https://doi.org/10.1093/gigascience/giaf150,2025,"Gruber L,Schmidt S,Enzlein T,Hopf C",GigaScience,41363756,1
CMRxRecon2024,,,MRI,chest,,Towards Modality- and Sampling-Universal Learning Strategies for Accelerating Cardiovascular Imaging: Summary of the CMRxRecon2024 Challenge.,https://doi.org/10.1109/TMI.2025.3641610,2025,"Wang F,Wang Z,Li Y,Lyu J,Qin C,Wang S,Guo K,Sun M,Huang M,Zhang H,Tanzer M,Li Q,Chen X,Huang J,Wu Y,Zhang H,Hamedani KA,Lyu Y,Sun L,Li Q,He T,Lan L,Yao Q,Xu Z,Xin B,Metaxas DN,Razizadeh N,Nabavi S,Yiasemis G,Teuwen J,Zhang Z,Wang S,Zhang C,Ennis DB,Xue Z,Hu C,Xu R,Oksuz I,Lyu D,Huang Y,Guo X,Hao R,Patel JH,Cai G,Chen B,Zhang Y,Hua S,Chen Z,Dou Q,Zhuang X,Tao Q,Bai W,Qin J,Wang H,Prieto C,Markl M,Young A,Li H,Hu X,Wu L,Qu X,Yang G,Wang C",IEEE transactions on medical imaging,41359736,1
"Big bones mean big muscles: an MRI-based dataset of muscle-bone-body size relationships across 70 human muscles of the upper limb, trunk, and lower limb",,102.0,MRI,"limbs,chest,abdomen,pelvis",segmentation,"Big bones mean big muscles: an MRI-based dataset of muscle-bone-body size relationships across 70 human muscles of the upper limb, trunk, and lower limb.",https://doi.org/10.1152/japplphysiol.00772.2025,2026,"Riem L,Pinette M,DuCharme O,Pabon V,Morris J,Coggins A,Harold L,Costanzo KE,Cousins M,Hein R,Rhodes M,Lievens E,Shah R,Feng X,Benusa S,Breeding T,Nelson MD,Derave W,Blemker SS","Journal of applied physiology (Bethesda, Md. : 1985)",41348452,0
MOUS Dataset,,187.0,MRI,brain,,Implications of Stimulation Modality and Control Condition on BOLD Response: An Example From the MOUS Dataset.,https://doi.org/10.1162/NOL.a.25,2025,"Schuler AL,Teuscher E,Filippini N","Neurobiology of language (Cambridge, Mass.)",41346868,0
Speech Perceptual Normalization Dataset,,28.0,"MRI,MRI,MRI,MRI,MRI",brain,"reports,captions,genomics",A multimodal neuroimaging dataset for investigating speech perceptual normalization.,https://doi.org/10.1038/s41597-025-06183-2,2025,"Liu S,Wang S",Scientific data,41339578,0
ABCD,,,MRI,brain,,Dynamic Inter-Modality Source Coupling Reveals Sex Differences in Brain Connectivity in Children: A Multimodal MRI Study of the ABCD Dataset.,https://doi.org/10.1109/EMBC58623.2025.11252770,2025,"Kotoski A,Wiafe SL,Calhoun VD",Annual International Conference of the IEEE Engineering in Medicine and Biology Society. IEEE Engineering in Medicine and Biology Society. Annual International Conference,41336665,0
SkinDisNet,1710.0,,X-ray,limbs,"captions,segmentation,genomics",SkinDisNet: A comprehensive dataset of clinical images and metadata for skin disease detection and classification.,https://doi.org/10.1016/j.dib.2025.112239,2025,"Sultana M,Sajib RH,Badhan IA,Ahmed M,Bushra MY",Data in brief,41323762,0
Taiwan's National Health Insurance Research Database (NHIRD),,,,,genomics,"Taiwan's National Health Insurance Research Database (NHIRD): in the Era of Artificial Intelligence, Causal Inference, and Data Security.",https://doi.org/10.2147/CLEP.S553894,2025,"Hsieh CY,Shao SC,Sung SF,Hsieh MH,Tsai DH,Lin SJ,Lai EC",Clinical epidemiology,41321359,2
SEER database,,852.0,,,,"Clinical predictors of overall survival in elderly oligodendroglioma patients: A Surveillance, Epidemiology, and End Results (SEER) database analysis.",https://doi.org/10.1016/j.clineuro.2025.109279,2026,"Chandan Reddy S,Mao T,Gendreau J,Ahmed AK,Mukherjee D",Clinical neurology and neurosurgery,41319580,0
NOCTE,,263651.0,,,,The Danish Nationwide osteoporosis cohort trials environment (NOCTE) - a DXA dataset for the 1900-1960 birth cohort.,https://doi.org/10.1016/j.jocd.2025.101653,2026,"Hansen BB,Haddock B,Jørgensen NR,Vestergaard P,Wiil UK,Folkestad L,Möller S,Fuggle N,Langdahl B,Rubin KH,Abrahamsen B",Journal of clinical densitometry : the official journal of the International Society for Clinical Densitometry,41317664,0
Internal defect database of mechanically deformed ferritic steel via X-ray computed tomography,,,CT,,,Internal defect database of mechanically deformed ferritic steel via X-ray computed tomography.,https://doi.org/10.1038/s41597-025-06141-y,2025,"Lee G,Yi GH,Tiong LCO,Sohn SS,Kim D",Scientific data,41315303,1
LiMT,,150.0,CT,abdomen,segmentation,LiMT: A Multi-Task Liver Image Benchmark Dataset.,https://doi.org/10.1109/JBHI.2025.3637798,2025,"Liu Z,Han K,Ma S,Zhu Y,Chen J,Lyu C,Qiu X,Qian C,Song Y,Liu Y,Tian L,Ji Y,Li Y",IEEE journal of biomedical and health informatics,41308095,0
Balanced X-ray Security Dataset,13728.0,,X-ray,,,Balanced X-ray Security Dataset and Enhanced YOLO for Contraband Detection.,https://doi.org/10.1038/s41597-025-06322-9,2025,"Zhang S,Zhu D,Yung K,Ip AWH",Scientific data,41298468,0
Ophthalmic Ultrasound Dataset,,10361.0,US,limbs,reports,A labeled ophthalmic ultrasound dataset with medical report generation based on cross-modal deep learning.,https://doi.org/10.1016/j.artmed.2025.103317,2026,"Wang J,Fan J,Zhou M,Zhang Y,Shi M",Artificial intelligence in medicine,41297151,1
MASLD,3804.0,347.0,US,abdomen,,Deep learning for non-invasive detection of steatosis and fibrosis in MASLD: a multicenter study with a new fibroscan-labelled ultrasound dataset.,https://doi.org/10.1007/s00261-025-05309-9,2025,"Bose K,Mudgil P,Gupta P,Ralmilay S,Dutta N,Gulati A,Kalra N,Premkumar M,Taneja S,Verma N,De A,Duseja A",Abdominal radiology (New York),41284028,0
KARI dataset,,1645.0,"MRI,PET",brain,"segmentation,genomics","The Knight Alzheimer Research Imaging (KARI) dataset: a comprehensive multimodal resource for exploring aging, preclinical, and symptomatic Alzheimer disease pathology.",https://doi.org/10.21203/rs.3.rs-7962593/v1,2025,"Hoagey DA,McKay NS,Joseph-Mathurin N,Flores S,Doering S,Keefe SJ,Hornbeck RC,Smith TH,Scott J,Chen G,Massoumzadeh P,LaMontagne PJ,Wang Q,Hassenstab J,Ponisio MR,Denny A,Balls-Berry JE,Snider BJ,Stark SL,Xiong C,Schindler SE,Perrin RJ,Shimony JS,Goyal MS,Vlassenko AG,Raichle ME,Morris JC,Raji CA,Gordon BA,Benzinger TLS",Research square,41282210,0
mpMRI,,585.0,MRI,brain,,mpMRI-based MGMT methylation status prediction for glioblastoma through off-the-shelf deep features: A multi-dataset feasibility study.,https://doi.org/10.1002/acm2.70373,2025,"Chen J,Wang Z,Yang B",Journal of applied clinical medical physics,41277375,1
MiMeDB 2.0,,,,,,MiMeDB 2.0: the Human Microbial Metabolome Database for 2026.,https://doi.org/10.1093/nar/gkaf1272,2026,"Kruger R,Oler E,Saha S,Poelzer J,Han S,Punsalan MP,Green B,Bushra F,Kyes M,Disu F,Wakoli J,Woudstra R,Tejol E,Fakutan O,Wang F,Lee BL,Sajed T,Tian S,Torres-Calzada C,Berjanskii M,MacKay S,Karu N,Kadurrah-Daouk R,Wishart DS",Nucleic acids research,41273085,0
Metastatic Breast Cancer to the Brain Dataset,297.0,165.0,MRI,brain,"segmentation,genomics,VQA","An Integrated Dataset of Metastatic Breast Cancer to the Brain with Imaging, Radiomics, and Tumor Genetics.",https://doi.org/10.1038/s41597-025-06066-6,2025,"Taha BR,Wu DJ,Sabal LT,Kollitz M,Sloan L,Shoo BA,Yuan J,Hunt M,Park MC,Darrow D,Venteicher AS,Watanabe Y",Scientific data,41266453,0
MU-Glioma,,203.0,MRI,brain,segmentation,MU-Glioma Post: A comprehensive dataset of automated MR multi-sequence segmentation and clinical features.,https://doi.org/10.1038/s41597-025-06011-7,2025,"Mahmoud E,Gass J,Dhemesh Y,Greaser J,Pogorzelski K,Isufi E,Garrett F,Thacker J,Tahon NH,Sinclair J,Layfield L,Altes T,Nada A",Scientific data,41266380,0
Brain Metastases Dataset,,40.0,"MRI,CT",brain,segmentation,"A longitudinal MRI dataset of brain metastases with tumor segmentations, clinical & radiomic data.",https://doi.org/10.1038/s41597-025-06131-0,2025,"Flouri D,Papanikas CP,Manikis GC,Ioannou E,Karaoli G,Papageorgiou E,Constantinidou A,Siakallis L,Theodorou M,Vavourakis V",Scientific data,41258200,0
BIND,,38945.0,"CT,MRI,PET,US",brain,reports,The Brain Imaging and Neurophysiology Database: BINDing multimodal neural data into a large-scale repository.,https://doi.org/10.1101/2025.10.01.25337054,2025,"Maschke C,Hadar P,Zhang Y,Li J,Ganjoo G,Hoopes A,Guazzo A,Gupta A,Ghanta M,Nearing B,Silvers CT,Gunapati B,Thomas R,Kim JA,Mukerji SS,Dalca A,Zafar S,Lam AD,Mignot E,Westover MB",medRxiv : the preprint server for health sciences,41256149,1
FQS dataset,2246.0,,,,,Acquire continuous and precise score for fundus image quality assessment: FTHNet and FQS dataset.,https://doi.org/10.1038/s41598-025-24423-8,2025,"Gong Z,Deng Z,Gan R,Niu Z,Chen L,Huang C,Liang J,Gao W,Li F,Zhang S,Ma L",Scientific reports,41254095,0
Airway and Pulmonary Vessel Structural Representation in CT (AirRC),254.0,,CT,chest,segmentation,"A Custom Annotated Dataset for Segmentation of Pulmonary Veins, Arteries, and Airways.",https://doi.org/10.1038/s41597-025-06074-6,2025,"Liu J,Zhang Z,Niu B,Kang S,Ren J,Wang L,Xu K",Scientific data,41253855,0
101 Dalmatians,,50.0,MRI,brain,VQA,101 Dalmatians: a multimodal naturalistic fMRI dataset in typical development and congenital sensory loss.,https://doi.org/10.1038/s41597-025-06077-3,2025,"Setti F,Bottari D,Leo A,Diano M,Bruno V,Tinti C,Cecchetti L,Garbarini F,Pietrini P,Ricciardi E,Handjaras G",Scientific data,41249825,1
A relaxation-diffusion MRI dataset of aging mouse brains at 9.4 Tesla,,30.0,MRI,brain,,A relaxation-diffusion MRI dataset of aging mouse brains at 9.4 Tesla.,https://doi.org/10.1038/s41597-025-06088-0,2025,"Ren B,Wu Y,Liu Y,Bai Y,Tao Q,Feng Y,Zhang X",Scientific data,41249159,1
institutional chest CT reports,356690.0,,CT,chest,reports,Instruction-Tuned Large Language Models for Clinical Data Extraction: Creating an Aortic Measurement Database from CT Radiology Reports.,https://doi.org/10.1007/s41666-025-00210-y,2025,"Erez E,Dankwa S,Tuttle M,Nasir A,Vallabhajosyula P,Schneider EB,Assi R,Ong CS",Journal of healthcare informatics research,41230242,0
O-arm navigation dataset,,5478.0,CT,"chest,abdomen,pelvis",,Accuracy of Thoracolumbar Pedicle Screws Using Routine O-Arm Intraoperative Navigation-A 15-Year Review With Over 5000 Screws. A New Benchmark?,https://doi.org/10.1097/BRS.0000000000005375,2026,"Pang AS,Lim FNJ,Sundaram PPM,Oh JY",Spine,41217367,0
CGGA database,,217.0,MRI,brain,,Development of a hybrid 2.5D deep learning model for glioma survival prediction using T1-weighted MRI from the CGGA database.,https://doi.org/10.1016/j.ejro.2025.100697,2025,"Jin K,Sun C,Xia L",European journal of radiology open,41216617,0
"A large, paired dataset of robotic and handheld lumbar spine ultrasound with ground-truth CT benchmarking",,63.0,"CT,US",pelvis,"segmentation,segmentation","A large, paired dataset of robotic and handheld lumbar spine ultrasound with ground-truth CT benchmarking.",https://doi.org/10.1038/s41597-025-06047-9,2025,"Cavalcanti NA,Li R,Arango L,Davoodi A,Van Assche K,Ao Y,Massalimova A,Salehi M,Zingg L,Götschi T,Borghesan G,Laux CJ,Sutter R,Farshad M,Tummers M,Fürnstahl P,Vander Poorten E,Carrillo F",Scientific data,41213998,1
A dataset of exocentric images capturing hand gestures in multiplayer games,7221.0,,,,,A dataset of exocentric images capturing hand gestures in multiplayer games.,https://doi.org/10.1016/j.dib.2025.112182,2025,"Zadid TH,Tanim SA,Mridha MF",Data in brief,41210355,0
Canadian Association of Interventional Radiology (CAIR) Database,,293.0,,,,Understanding the Canadian Interventional Radiology Landscape Through the Canadian Association of Interventional Radiology Database: A Descriptive Study.,https://doi.org/10.1177/08465371251385534,2026,"Dhatt A,de Korompay N,Heran MKS,Chang MR,Ho S,Liu DM,Cardarelli-Leite L,Forster B,Harris A,Rampuri A,Davidson E,Dhatt R",Canadian Association of Radiologists journal = Journal l'Association canadienne des radiologistes,41204690,1
Nationwide Readmissions Database (NRD),,27062.0,,,,Impact of frailty on outcomes of transcatheter edge-to-edge repair in severe mitral regurgitation: A nationwide readmissions database analysis.,https://doi.org/10.1016/j.amjms.2025.11.005,2025,"Bdiwi M,Patel N,Sattar Y,Titus A,Fakhra S,Erdem S,Manasrah N,Saleem A,Ahmed A,Rits M,Alraies MC",The American journal of the medical sciences,41202926,0
ABIDE I,,884.0,MRI,brain,,Identification of critical brain regions for autism diagnosis from fMRI data using explainable AI: an observational analysis of the ABIDE dataset.,https://doi.org/10.1016/j.eclinm.2025.103452,2025,"Vidya S,Gupta K,Aly A,Wills A,Ifeachor E,Shankar R",EClinicalMedicine,41181843,1
Acute Ischemic Stroke (AIS) hospitalization database,,92.0,MRI,brain,,"Associations of white matter hyperintensity with frailty, sarcopenia, and nutritional risk: an analysis of an acute ischemic stroke patient database.",https://doi.org/10.3389/fmed.2025.1631923,2025,"Akimoto T,Sugi C,Tasaki K,Oshita N,Natori N,Mizoguchi T,Ishihara M,Hara M,Nakajima H",Frontiers in medicine,41169410,0
Endoscopic Ultrasound of Pancreatic Tumors,7825.0,606.0,US,abdomen,segmentation,Endoscopic Ultrasound of Pancreatic Tumors: A Dataset with Benchmarks for Convolutional Neural Network Classifiers.,https://doi.org/10.1007/s10278-025-01729-7,2025,"Razafindrambao M,Nawaf M,Iguernaissi R,Laquière A,Peyret D,Dubuisson S,Merad D",Journal of imaging informatics in medicine,41168630,0
SEER database,,11861.0,,,,"Pancreatic cancer with liver metastasis benefits from chemoradiotherapy compared to chemotherapy alone: a retrospective cohort study from the Surveillance, Epidemiology, and End Results (SEER) database.",https://doi.org/10.21037/tcr-2025-464,2025,"He L,Qiao Y,Lu Y,Yin T",Translational cancer research,41158278,0
Kyoto City Integrated Database,,4473.0,,,,Observational Study on Actual Cancer Screening Participation and Outcomes Among Patients with Lung Cancer Based on Linkage of Cancer Registry and Kyoto City Integrated Database Data from 2014 to 2018.,https://doi.org/10.3390/ijerph22101595,2025,"Shimamoto T,Tateyama Y,Kobayashi D,Yamamoto K,Nishioka N,Takahashi Y,Ueshima H,Sasaki K,Kiyohara K,Nakayama T,Iwami T",International journal of environmental research and public health,41154999,1
Duke University Cervical Spine MRI Segmentation Dataset (CSpineSeg),,1232.0,MRI,chest,segmentation,The Duke University Cervical Spine MRI Segmentation Dataset (CSpineSeg).,https://doi.org/10.1038/s41597-025-05975-w,2025,"Zhou L,Wiggins W,Zhang J,Colglazier R,Willhite J,Dixon A,Malinzak M,Gu H,Mazurowski MA,Calabrese E",Scientific data,41145519,1
CoSpine,,61.0,MRI,"brain,chest,abdomen,pelvis,limbs","reports,captions,segmentation",CoSpine open access simultaneous cortico-spinal fMRI database of thermal pain and motor tasks.,https://doi.org/10.1038/s41597-025-05982-x,2025,"Wei Z,Lin X,Zhang L,Guo L,Liu J,Hu L,Liu Y,Kong Y",Scientific data,41145516,0
HER2-IHC-40x,107.0,,MRI,chest,segmentation,HER2-IHC-40x: A high-resolution histopathology dataset for HER2 IHC scoring in breast cancer.,https://doi.org/10.1016/j.dib.2025.111922,2025,"Nabi MS,Fauzi MFA,Rehman ZU,Karim HBA,Cheah PL,Chiew SF,Looi LM",Data in brief,41143256,0
Kenya IIH Cohort,,152.0,MRI,brain,,Weight loss remains a challenge for idiopathic intracranial hypertension patients: A retrospective case series from Kenya.,https://doi.org/10.1016/j.ensci.2025.100592,2025,"Muikamba Z,Sokhi J,Shah J,Marco S,Hooker J,Sokhi D",eNeurologicalSci,41142445,0
Splenomegaly Dataset,,248.0,CT,abdomen,,A dataset for splenomegaly and its related findings in CT imaging.,https://doi.org/10.1016/j.dib.2025.112114,2025,"Obeidat D,Bsoul A,Abdullah M,Jawarneh I,Al-Balas H,Ayesh M",Data in brief,41140855,0
Kellgren-Lawrence gonarthrosis dataset,15159.0,15159.0,X-ray,limbs,,From variability to consistency: building a Kellgren-Lawrence gonarthrosis dataset.,https://doi.org/10.1186/s13018-025-06057-8,2025,"Beyaz S,Yayli SB,Kılıç K",Journal of orthopaedic surgery and research,41137119,0
hyperspectral dataset,1835.0,,X-ray,abdomen,,A high-speed hyperspectral imaging system and large-scale hyperspectral dataset for abdominal surgical applications.,https://doi.org/10.1117/12.3048439,2025,"Pruitt K,DeAtley W,Rathgeb A,Johnson B,Gahan J,Fei B",Proceedings of SPIE--the International Society for Optical Engineering,41127246,0
National Mammography Database,38304525.0,15585433.0,X-ray,chest,,False-Negative Screening and Diagnostic Mammograms in the National Mammography Database From 2010 to 2022.,https://doi.org/10.2214/AJR.25.33636,2026,"Oluyemi ET,Grimm LJ,Goldman L,Lee M,Pittman SM,Rosen E,Zuley ML,Lee CS",AJR. American journal of roentgenology,41123961,1
Lung Ultrasound Imaging Dataset,401.0,152.0,US,chest,segmentation,Lung Ultrasound Imaging Dataset for Accurate Detection and Localization of LUS Vertical Artifact.,https://doi.org/10.1038/s41597-025-05854-4,2025,"Okila N,Katumba A,Nakatumba-Nabende J,Murindanyi S,Mwikirize C,Serugunda J,Bugeza S,Oriekot A,Bossa J,Nabawanuka E",Scientific data,41102221,1
CONGRESS,,497.0,CT,chest,,Impact of staging investigations on nodal upstaging in early esophago-gastric adenocarcinoma: multicenter CONGRESS dataset analysis.,https://doi.org/10.1093/dote/doaf085,2025,"Cole K,Gossage JA,Bhandari P,Blencowe NS,Chidambaram S,Crosby T,Evans RPT,Griffiths EA,Kamarajah SK,Markar SR,Trudgill N,Underwood TJ,Pucher PH,CONGRESS collaborative
",Diseases of the esophagus : official journal of the International Society for Diseases of the Esophagus,41092229,0
Raw fetal PCG dataset,,8.0,,chest,captions,Raw fetal PCG dataset contaminated with Mother's PCG.,https://doi.org/10.1016/j.dib.2025.112107,2025,"Faiza TH,Hossain MS,Islam S,Sakib N,Faruk T,Islam MK",Data in brief,41089729,0
brain-midline-detection,,,MRI,brain,segmentation,Towards Robust Brain Midline Shift Detection: A YOLO-Based 3D Slicer Extension with a Novel Dataset.,https://doi.org/10.1007/s12021-025-09748-z,2025,"Kurt Pehlivanoğlu M,Albayrak NB,Karhan D,Doğan İ",Neuroinformatics,41085818,0
CBCT-IDDNet,,1000.0,CT,chest,,"CBCT-IDDNet: a three-dimensional Res-UNet based image domain denoising network for clinical dose cone-beam computed tomography-winner of the International Conference on Acoustics, Speech, and Signal Processing-2024 challenge.",https://doi.org/10.21037/qims-24-1902,2025,"Zhao X,Wang X,Du Y,Peng Y",Quantitative imaging in medicine and surgery,41081124,0
Suspected Diffuse Low-Grade Gliomas Database,,235.0,MRI,brain,segmentation,Unravelling differences and hallmarks in suspected diffuse low-grade gliomas: a multicentre database study.,https://doi.org/10.1093/braincomms/fcaf368,2025,"Latini F,Fahlström M,Neimantaite A,Gómez Vecchio T,Corell A,Solheim O,Gulati S,Milos P,Sjögren B,Kjelsberg Pedersen L,Lipatnikova A,Holmgren K,Sjöberg RL,Nittby Redebrandt H,Tomasevic G,Mahesparan R,Vesterli Tveiten Ø,Thurin E,Jensdottir M,Bartek J,Zetterling M,Jakola AS",Brain communications,41079754,0
DeepUS-ReconSeg,4200.0,14.0,US,limbs,segmentation,DeepUS-ReconSeg: A multi-angle paired B-mode Ultrasound dataset for medical imaging reconstruction and segmentation.,https://doi.org/10.1016/j.dib.2025.112083,2025,"Salehin I,Badhon NH,Sajib MTA,Moon NN",Data in brief,41079693,0
Diagnostic Imaging Dataset,,,"CT,MRI","brain,chest,abdomen,pelvis,limbs",,CT and MRI activity in England: insights from the diagnostic imaging dataset.,https://doi.org/10.1016/j.crad.2025.107087,2025,"Swann R,Dixon S,Roberts K,Black S,Memon K,Fardus-Reid F,Ironmonger L,Maskell G,Shelton J,Richards M",Clinical radiology,41076402,1
RadGenome-Chest CT,1200000.0,,CT,chest,"reports,segmentation,VQA",Development of a large-scale grounded vision language dataset for chest CT analysis.,https://doi.org/10.1038/s41597-025-05922-9,2025,"Zhang X,Wu C,Zhao Z,Lei J,Tian W,Zhang Y,Xie W,Wang Y",Scientific data,41073455,2
DECIDE,,1841.0,,,,Extended window of relapse recovery in RRMS: an analysis of the DECIDE dataset.,https://doi.org/10.1136/jnnp-2025-336660,2026,"Mostert J,Strijbis EM,D'Haeseleer M,Moral E,Brieva L,Comtois J,Repovic P,Bowen JD,Cutter G,Koch M","Journal of neurology, neurosurgery, and psychiatry",41072954,0
Medical Imaging and Data Resource Center,814.0,,X-ray,chest,,Machine learning evaluation of pneumonia severity: subgroup performance in the Medical Imaging and Data Resource Center modified radiographic assessment of lung edema mastermind challenge.,https://doi.org/10.1117/1.JMI.12.5.054502,2025,"Drukker K,Armato SG,Hadjiiski L,Gichoya J,Gruszauskas N,Kalpathy-Cramer J,Li H,Myers KJ,Tomek RM,Whitney HM,Zhang Z,Giger ML","Journal of medical imaging (Bellingham, Wash.)",41064474,0
AAPM CT Metal Artifact Reduction grand challenge,14000.0,,CT,"chest,abdomen,pelvis,limbs","reports,captions,segmentation",AAPM CT metal artifact reduction grand challenge.,https://doi.org/10.1002/mp.70050,2025,"Haneda E,Peters N,Zhang J,Karageorgos G,Xia W,Paganetti H,Wang G,Guo Y,Ma J,Park HS,Jeon K,Fan F,Thies M,De Man B",Medical physics,41058545,3
Hybrid Training Database,14000.0,,CT,"brain,chest,pelvis",,A hybrid training database and evaluation benchmark for assessing metal artifact reduction methods for X-ray CT imaging.,https://doi.org/10.1002/mp.70020,2025,"Peters N,Haneda E,Zhang J,Karageorgos G,Xia W,Verburg J,Wang G,Paganetti H,De Man B",Medical physics,41058534,1
Chang Gung Research Database (CGRD),,420.0,,,,10-year oncological outcomes of EBRT versus HIFU for stage II prostate cancer: a multicenter Chang Gung research database (CGRD) study with inverse-probability-of-treatment weighting (IPTW) analysis.,https://doi.org/10.1007/s11255-025-04805-7,2026,"Yeh HT,Liu YY,Chang YL,Liu HY,Shen YC,Wang HJ,Chen YT,Chuang YC,Luo HL",International urology and nephrology,41055797,0
Incisor pulp chamber tomographic image dataset for dental age estimation,,420.0,CT,limbs,segmentation,Incisor pulp chamber tomographic image dataset for dental age estimation.,https://doi.org/10.1016/j.dib.2025.112033,2025,"Pereira DM,Pacelli AVP,Lopes Junior WJ,Villela SM,Bernardino HS,Vieira MB,Devito KL",Data in brief,41048981,0
Segmented Tongue Image Dataset,5717.0,,US,limbs,"segmentation,genomics",Accurate fatty liver disease diagnosis with a multi-source feature fusion model on the segmented tongue image dataset.,https://doi.org/10.1016/j.jare.2025.10.003,2025,"Gao J,Chen T,Xu Y,Wu Y,Liu K,Qiu W,Ye W",Journal of advanced research,41047021,0
DenPAR,1000.0,,X-ray,limbs,segmentation,DenPAR: Annotated Intra-Oral Periapical Radiographs Dataset for Machine Learning.,https://doi.org/10.1038/s41597-025-05906-9,2025,"Rasnayaka S,Leuke Bandara D,Jayasundara A,Jayasinghe R,Wimalasiri C,Rathnayake P,Wijerathne S,Ragel R,Thambawita V,Nawinne I",Scientific data,41044117,2
Lung Ultrasound Images Dataset,1062.0,,US,chest,,A dataset of lung ultrasound images for automated AI-based lung disease classification.,https://doi.org/10.1016/j.dib.2025.112034,2025,"Katumba A,Murindanyi S,Okila N,Nakatumba-Nabende J,Mwikirize C,Serugunda J,Bugeza S,Oriekot A,Bossa J,Nabawanuka E",Data in brief,41036250,1
Brazilian Primary Healthcare Dataset,,1459710.0,,,reports,Referral of people with low back pain to physical therapists in Brazilian primary healthcare: A challenge revealed.,https://doi.org/10.1016/j.bjpt.2025.101538,2026,"Lacerda TL,Montes PL,Macedo LG,Ostelo R,Peixoto HM,Luiz Carregaro R",Brazilian journal of physical therapy,41033141,0
BraTS 2024,,,MRI,brain,segmentation,Comparative analysis of machine learning techniques on the BraTS dataset for brain tumor classification.,https://doi.org/10.3389/fonc.2025.1596718,2025,"Wang S,Li M",Frontiers in oncology,41030946,0
Ultrasound Spinal Cord Injury Dataset,10223.0,25.0,US,limbs,segmentation,A novel open-source ultrasound dataset with deep learning benchmarks for spinal cord injury localization and anatomical segmentation.,https://doi.org/10.1038/s41598-025-16275-z,2025,"Kumar A,Kotkar K,Jiang K,Bhimreddy M,Davidar D,Weber-Levine C,Krishnan S,Kerensky MJ,Liang R,Leadingham KK,Routkevitch D,Hersh AM,Ashayeri K,Tyler B,Suk I,Son J,Theodore N,Thakor N,Manbachi A",Scientific reports,41006445,0
MultiD4CAD,,,CT,chest,segmentation,MultiD4CAD: Multimodal Dataset composed of CT and Clinical Features for Coronary Artery Disease Analysis.,https://doi.org/10.1038/s41597-025-05743-w,2025,"Prinzi F,Militello C,Sollami G,Toia P,La Grutta L,Vitabile S",Scientific data,41006273,1
"A normative dataset of thumb muscle fascicle lengths in healthy, young adults",,18.0,US,limbs,,"A normative dataset of thumb muscle fascicle lengths in healthy, young adults: an extended field-of-view ultrasound study.",https://doi.org/10.1016/j.jbiomech.2025.112964,2025,"Benoit AR,Nichols JA",Journal of biomechanics,40976114,0
FAERS database,,1522.0,,,,Exploring Definity-related adverse reaction: A real-world pharmacovigilance study via FAERS database analysis.,https://doi.org/10.1002/bcp.70295,2026,"Lin W,Lin Y,Xu S,Liu N,Chen W,Huang D,Tang L",British journal of clinical pharmacology,40974233,0
IQ-UltraRecon,,48.0,US,limbs,,IQ-UltraRecon: Demodulated IQ ultrasound dataset of human hand and arm tissue for deep learning-based reconstruction.,https://doi.org/10.1016/j.dib.2025.112001,2025,"Salehin I,Badhon NH,Sajib MTA,Saifuzzaman M,Moon NN",Data in brief,40955410,0
Brain Tumor Dataset,2870.0,,MRI,brain,,Trade-Off Analysis of Classical Machine Learning and Deep Learning Models for Robust Brain Tumor Detection: Benchmark Study.,https://doi.org/10.2196/76344,2025,Tian Y,JMIR AI,40952788,1
NIH ChestX-ray14,112120.0,,X-ray,chest,,"A Comparative Analysis of the Mamba, Transformer, and CNN Architectures for Multi-Label Chest X-Ray Anomaly Detection in the NIH ChestX-Ray14 Dataset.",https://doi.org/10.3390/diagnostics15172215,2025,"Yanar E,Kutan F,Ayturan K,Kutbay U,Algın O,Hardalaç F,Ağıldere AM","Diagnostics (Basel, Switzerland)",40941702,3
